lambda_A, Ft_raw, Fc_anchored, A_t, A_c, pre_extract_ratio_r, epsilon
3.390000000000000000e+03,5.410000000000000000e+06,1.162271362237866560e+04,9.984795806059680867e-01,8.324921734271698570e-01,2.148375900624522120e-03,1.791229542985780555e-03
3.410000000000000000e+03,5.497000000000000000e+06,1.245679291509226823e+04,9.984886779411831226e-01,8.327443765123448971e-01,2.266107497742817726e-03,1.889944590267004934e-03
3.430000000000000000e+03,5.713000000000000000e+06,1.465985017736841110e+04,9.984977134615256045e-01,8.330014611576648242e-01,2.566051142546545063e-03,2.140740356566606020e-03
3.450000000000000000e+03,5.941000000000000000e+06,1.401313652287308287e+04,9.985066876347681308e-01,8.332633537033257154e-01,2.358716802368807097e-03,1.968371666927812031e-03
3.470000000000000000e+03,6.101000000000000000e+06,1.454501317329914673e+04,9.985156009248100650e-01,8.335299812747239967e-01,2.384037563235395264e-03,1.990120919093656387e-03
3.490000000000000000e+03,6.532000000000000000e+06,1.980333914910228850e+04,9.985244537917110641e-01,8.338012717717662170e-01,3.031742062018108995e-03,2.531605888464261503e-03
3.510000000000000000e+03,6.794000000000000000e+06,2.336026424882659558e+04,9.985332466917277161e-01,8.340771538583924283e-01,3.438366830854665442e-03,2.872075846950483246e-03
3.530000000000000000e+03,6.324000000000000000e+06,2.048329509424924618e+04,9.985419800773448484e-01,8.343575569522954094e-01,3.238977718888242426e-03,2.706411538496544377e-03
3.550000000000000000e+03,7.304000000000000000e+06,2.612541842575755800e+04,9.985506543973112770e-01,8.346424112148617125e-01,3.576864516122338356e-03,2.989735985028329178e-03
3.570000000000000000e+03,5.636000000000000000e+06,1.247492507362951983e+04,9.985592700966705593e-01,8.349316475412958960e-01,2.213435960544627486e-03,1.850734141285138900e-03
3.590000000000000000e+03,5.628000000000000000e+06,1.352961229521302448e+04,9.985656936670677108e-01,8.348884062770400849e-01,2.403982284152989587e-03,2.009939807329193164e-03
3.610000000000000000e+03,6.210000000000000000e+06,1.960992945803826296e+04,9.985742078402312094e-01,8.351867006579574149e-01,3.157798624482812105e-03,2.641117098576217185e-03
3.630000000000000000e+03,6.273000000000000000e+06,2.229348892155159047e+04,9.985826645978306271e-01,8.354891815586454884e-01,3.553879949235069259e-03,2.973442615629539720e-03
3.640000000000000000e+03,6.324000000000000000e+06,2.407044045820230895e+04,9.985868715807604268e-01,8.356419711906519776e-01,3.806205006040845780e-03,3.185125645572307006e-03
3.650000000000000000e+03,7.174000000000000000e+06,2.966118934052173790e+04,9.985910643713133972e-01,8.357957826230750786e-01,4.134539913649531474e-03,3.460506654033225927e-03
3.670000000000000000e+03,7.283000000000000000e+06,3.411867831426290650e+04,9.985994075885750165e-01,8.361064381835395798e-01,4.684701127868035921e-03,3.922402461097722684e-03
3.690000000000000000e+03,7.017000000000000000e+06,2.767269595426974774e+04,9.986076946739944615e-01,8.364210832518743644e-01,3.943664807506020754e-03,3.303163402274133294e-03
3.710000000000000000e+03,7.309000000000000000e+06,2.571442283224650964e+04,9.986138734048595200e-01,8.364054012605702804e-01,3.518186185832057611e-03,2.946714447734546938e-03
3.730000000000000000e+03,5.799000000000000000e+06,1.139303961424013869e+04,9.986220632702431654e-01,8.367283751908735079e-01,1.964655908646342243e-03,1.646151639057009128e-03
3.750000000000000000e+03,6.437000000000000000e+06,1.399500436433583127e+04,9.986301981529366323e-01,8.370551545910953628e-01,2.174150126508595827e-03,1.822379869560276922e-03
3.770000000000000000e+03,7.464000000000000000e+06,2.568722459444063134e+04,9.986382784643990096e-01,8.373856770207722677e-01,3.441482394753567989e-03,2.885777690714187629e-03
3.790000000000000000e+03,7.882000000000000000e+06,2.675702194813851020e+04,9.986443031312417506e-01,8.373872781026707734e-01,3.394699562057664453e-03,2.846537267908703581e-03
3.810000000000000000e+03,7.975000000000000000e+06,2.237206160854635164e+04,9.986522889229976219e-01,8.377256715633636386e-01,2.805274182889824774e-03,2.353221661680833781e-03
3.830000000000000000e+03,5.203000000000000000e+06,9.966643142642964449e+03,9.986602212577360138e-01,8.380676311377818211e-01,1.915557013769549110e-03,1.607520050030002796e-03
3.850000000000000000e+03,7.028000000000000000e+06,1.475655502290042386e+04,9.986661356677470902e-01,8.380816638576508160e-01,2.099680566718899275e-03,1.762054124072950359e-03
3.870000000000000000e+03,6.959000000000000000e+06,1.474144489078604602e+04,9.986739754107498701e-01,8.384311659383738569e-01,2.118328048683150878e-03,1.778430498268350739e-03
3.890000000000000000e+03,7.194000000000000000e+06,2.127506601704259447e+04,9.986817627860560265e-01,8.387840622777785748e-01,2.957334725749596101e-03,2.483839524474013103e-03
3.910000000000000000e+03,8.360000000000000000e+06,2.998454616776940384e+04,9.986875691860017668e-01,8.388100912791729424e-01,3.586668201886292293e-03,3.012487162791569612e-03
3.930000000000000000e+03,4.557000000000000000e+06,1.212437000857597741e+04,9.986952658545102945e-01,8.391702108486707168e-01,2.660603469075263974e-03,2.235616058736632911e-03
3.950000000000000000e+03,7.500000000000000000e+06,2.534875763507858937e+04,9.987010046676054742e-01,8.392040204668252956e-01,3.379834351343812080e-03,2.840059800584291815e-03
3.970000000000000000e+03,5.157000000000000000e+06,1.712884576485758589e+04,9.987086118068912999e-01,8.394384083970792831e-01,3.321474842904321469e-03,2.791778825872044331e-03
3.990000000000000000e+03,9.730000000000000000e+06,4.581392057079058577e+04,9.987142839100127123e-01,8.398143841253679076e-01,4.708522155271385734e-03,3.959375266456269596e-03
4.010000000000000000e+03,1.035000000000000000e+07,5.321788530683523277e+04,9.987218026809046023e-01,8.398639732001988989e-01,5.141824667327075243e-03,4.323960168895866867e-03
4.030000000000000000e+03,1.031000000000000000e+07,4.696229061148322216e+04,9.987292714704048002e-01,8.402450132650196579e-01,4.555023337680234527e-03,3.832205337445161644e-03
4.050000000000000000e+03,9.966000000000000000e+06,4.496775317238547723e+04,9.987348404853051420e-01,8.403001421410069005e-01,4.512116513384053194e-03,3.796335117047707538e-03
4.070000000000000000e+03,9.728000000000000000e+06,4.103911882264749875e+04,9.987422226973562411e-01,8.406861003655297093e-01,4.218659418446494939e-03,3.551034746168727288e-03
4.090000000000000000e+03,1.069000000000000000e+07,5.775092494114828878e+04,9.987477272003402184e-01,8.407466452451688443e-01,5.402331612829587223e-03,4.547687124876243804e-03
4.110000000000000000e+03,1.008000000000000000e+07,5.010519809127360350e+04,9.987532043111246871e-01,8.411373782038040758e-01,4.970753778896191098e-03,4.186306269887000650e-03
4.130000000000000000e+03,1.063000000000000000e+07,4.841286329446340096e+04,9.987604647781878064e-01,8.412032176184697230e-01,4.554361551689877635e-03,3.835898322557471964e-03
4.150000000000000000e+03,1.074000000000000000e+07,4.433312762358165492e+04,9.987658785637756331e-01,8.415985845673519261e-01,4.127851734039260020e-03,3.478286804978691048e-03
4.170000000000000000e+03,1.076000000000000000e+07,4.662986770496693498e+04,9.987730551433851023e-01,8.416695993163704204e-01,4.333630827599157381e-03,3.651966083252832559e-03
4.190000000000000000e+03,1.028000000000000000e+07,4.517929502198675618e+04,9.987784064202214207e-01,8.420694621264942503e-01,4.394873056613497406e-03,3.705314779642619478e-03
4.210000000000000000e+03,1.037000000000000000e+07,4.614634347730687296e+04,9.987855001932512966e-01,8.421455352185179821e-01,4.449984906201241361e-03,3.752091835356114510e-03
4.230000000000000000e+03,9.864000000000000000e+06,4.019295142424239748e+04,9.987907897662446910e-01,8.422241171066536802e-01,4.074711214947525882e-03,3.435974871451244993e-03
4.250000000000000000e+03,1.007000000000000000e+07,4.865462540829343197e+04,9.987960531383124341e-01,8.426307749079996468e-01,4.831641053455157202e-03,4.076196969499271475e-03
4.270000000000000000e+03,9.484000000000000000e+06,4.397048445283660840e+04,9.988030304610020504e-01,8.427142484575187442e-01,4.636280520121953755e-03,3.911741890039606082e-03
4.290000000000000000e+03,8.704000000000000000e+06,4.055559459498744400e+04,9.988082332594303558e-01,8.431250725551113767e-01,4.659420334902049723e-03,3.933161519012699260e-03
4.310000000000000000e+03,7.341000000000000000e+06,3.783577081439961330e+04,9.988134103364156857e-01,8.432133259732040864e-01,5.154034983571667734e-03,4.351113967538673515e-03
4.330000000000000000e+03,1.005000000000000000e+07,5.844599101840962248e+04,9.988202733398355848e-01,8.433039626231713104e-01,5.815521494369116536e-03,4.910044831712276868e-03
4.350000000000000000e+03,9.478000000000000000e+06,5.953392053064475476e+04,9.988253909507032180e-01,8.437211103216937236e-01,6.281274586478661527e-03,5.305876298654062587e-03
4.370000000000000000e+03,1.070000000000000000e+07,6.415762095764406695e+04,9.988304833099947988e-01,8.438163675120844420e-01,5.996039341835893675e-03,5.065480300642006758e-03
4.390000000000000000e+03,9.850000000000000000e+06,5.391295138409657375e+04,9.988372340824813733e-01,8.439139361533694039e-01,5.473396079603712674e-03,4.624452385285587538e-03
4.410000000000000000e+03,1.047000000000000000e+07,5.868775313223965350e+04,9.988422680609853055e-01,8.443371373118282452e-01,5.605325036508085161e-03,4.738269741242659081e-03
4.430000000000000000e+03,1.097000000000000000e+07,6.533621126256546268e+04,9.988472772483727447e-01,8.444391713174546066e-01,5.955898930042430491e-03,5.035198544857162270e-03
4.450000000000000000e+03,1.086000000000000000e+07,6.624281918942807533e+04,9.988522617809789672e-01,8.445434468620535151e-01,6.099707107682142936e-03,5.157386995736132351e-03
4.470000000000000000e+03,1.133000000000000000e+07,7.313303943358390825e+04,9.988588697066711486e-01,8.446499424790782085e-01,6.454813718762921794e-03,5.458286652515124959e-03
4.490000000000000000e+03,1.140000000000000000e+07,7.585286321417173895e+04,9.988637972370305596e-01,8.450810280882479208e-01,6.653759931067696441e-03,5.629362380289318867e-03
4.510000000000000000e+03,1.233000000000000000e+07,8.872669577562081395e+04,9.988687005611429637e-01,8.451917912544489875e-01,7.196001279450187429e-03,6.088889568600030014e-03
4.530000000000000000e+03,1.128000000000000000e+07,7.488581475885162945e+04,9.988735798118160147e-01,8.453047069348860187e-01,6.638813365146421265e-03,5.618148582003486095e-03
4.550000000000000000e+03,1.157000000000000000e+07,8.123207024688989623e+04,9.988800482598529928e-01,8.454197543837993489e-01,7.020922233957640340e-03,5.942281418995871631e-03
4.570000000000000000e+03,1.221000000000000000e+07,8.730634335686938721e+04,9.988848718511544877e-01,8.458582838781600888e-01,7.150396671324273784e-03,6.054974329770122093e-03
4.590000000000000000e+03,1.157000000000000000e+07,8.331726847867389733e+04,9.988896718059596669e-01,8.459774076613431060e-01,7.201146800231106489e-03,6.098779148686298869e-03
4.610000000000000000e+03,1.182000000000000000e+07,8.588599093811796047e+04,9.988944482536454839e-01,8.460985978995183565e-01,7.266158285796782065e-03,6.154690666743515420e-03
4.630000000000000000e+03,1.164000000000000000e+07,8.522114512508538610e+04,9.988992013228135125e-01,8.462218345342139569e-01,7.321404220368160458e-03,6.202359660035683397e-03
4.650000000000000000e+03,1.174000000000000000e+07,8.455629931205281173e+04,9.989039311412926114e-01,8.466673819831387338e-01,7.202410503582011396e-03,6.104737257434105120e-03
4.670000000000000000e+03,1.200000000000000000e+07,9.014704819437224069e+04,9.989102016176931720e-01,8.467945100405186443e-01,7.512254016197686748e-03,6.368275595387976398e-03
4.690000000000000000e+03,1.175000000000000000e+07,8.806184996258822503e+04,9.989148776773720817e-01,8.469236213239101918e-01,7.494625528730912770e-03,6.354270554081661165e-03
4.710000000000000000e+03,1.129000000000000000e+07,8.361947112096144701e+04,9.989195309069411888e-01,8.470546964308670601e-01,7.406507628074530426e-03,6.280502959848553376e-03
4.730000000000000000e+03,1.181000000000000000e+07,8.633929490154927771e+04,9.989241614309396500e-01,8.471877161108665177e-01,7.310693895135417231e-03,6.200200479016660868e-03
4.750000000000000000e+03,1.194000000000000000e+07,8.721568256418312376e+04,9.989287693731589979e-01,8.473226612636473032e-01,7.304496027151015543e-03,6.195902253169846725e-03
4.770000000000000000e+03,1.193000000000000000e+07,8.528158565354289021e+04,9.989333548566516896e-01,8.477783278979704740e-01,7.148498378335531832e-03,6.066813138936899205e-03
4.790000000000000000e+03,1.186000000000000000e+07,8.709480150726811553e+04,9.989379180037316619e-01,8.479169021684941354e-01,7.343575169246889696e-03,6.233361849746138668e-03
4.810000000000000000e+03,1.173000000000000000e+07,9.026792925128724892e+04,9.989424589359819917e-01,8.480573417339141162e-01,7.695475639495929533e-03,6.533113650169962254e-03
4.830000000000000000e+03,1.184000000000000000e+07,9.153718034889490809e+04,9.989469777742593370e-01,8.481996281073712618e-01,7.731180772710719018e-03,6.564497217715158268e-03
4.850000000000000000e+03,1.103000000000000000e+07,8.921022000328087597e+04,9.989514746386969346e-01,8.483437429440832123e-01,8.087961922328275668e-03,6.868573763764479825e-03
4.870000000000000000e+03,9.732000000000000000e+06,8.141339183226242312e+04,9.989559496487117052e-01,8.484896680398311686e-01,8.365535535579780510e-03,7.105488957801967161e-03
4.890000000000000000e+03,1.125000000000000000e+07,8.697392045035309275e+04,9.989604029230065851e-01,8.486373853294741920e-01,7.731015151142496891e-03,6.567656199996331837e-03
4.910000000000000000e+03,1.125000000000000000e+07,8.766898652761444100e+04,9.989648345795772988e-01,8.487868768854837098e-01,7.792798802454616730e-03,6.621279477286232985e-03
4.930000000000000000e+03,1.103000000000000000e+07,8.298484557215761743e+04,9.989692447357145788e-01,8.492549552809455227e-01,7.523558075444933789e-03,6.396011699645424119e-03
4.950000000000000000e+03,1.141000000000000000e+07,8.676237860075182107e+04,9.989736335080103835e-01,8.494077476544584782e-01,7.604064732756514108e-03,6.465587560092115986e-03
4.970000000000000000e+03,1.152000000000000000e+07,8.624863410886301426e+04,9.989780010123627818e-01,8.495622577867736336e-01,7.486860599727692550e-03,6.367061325067939828e-03
4.990000000000000000e+03,1.080000000000000000e+07,7.778696012481197249e+04,9.989823473639789508e-01,8.497184683133611749e-01,7.202496307852960210e-03,6.126328605195665612e-03
5.010000000000000000e+03,1.038000000000000000e+07,7.110828173025741125e+04,9.989866726773805050e-01,8.498763620001104080e-01,6.850508837211696615e-03,5.827991191129040793e-03
5.030000000000000000e+03,1.093000000000000000e+07,7.694079272640687122e+04,9.989909770664076039e-01,8.500359217419987123e-01,7.039413790156164030e-03,5.989798433625855879e-03
5.050000000000000000e+03,1.091000000000000000e+07,7.361656366124397027e+04,9.989952606442230598e-01,8.501971305617794794e-01,6.747622700388998529e-03,5.742579253363775532e-03
5.070000000000000000e+03,1.128000000000000000e+07,7.503691607999539701e+04,9.989995235233181115e-01,8.503599716086921445e-01,6.652208872340017662e-03,5.662437283120596611e-03
5.090000000000000000e+03,1.089000000000000000e+07,7.065497776682610856e+04,9.990037658155157541e-01,8.505244281571933129e-01,6.488060400994133219e-03,5.523756817773509825e-03
5.110000000000000000e+03,1.104000000000000000e+07,7.177261526665318524e+04,9.990079876319732932e-01,8.506904836057030961e-01,6.501142687196846855e-03,5.535951949363735955e-03
5.130000000000000000e+03,1.078000000000000000e+07,6.867344620486388158e+04,9.990121890831902274e-01,8.508581214753733191e-01,6.370449555182178258e-03,5.425708315381295305e-03
5.150000000000000000e+03,1.044000000000000000e+07,6.421527148433440743e+04,9.990163702790101352e-01,8.510273254088720485e-01,6.150888073212107572e-03,5.239727777807177619e-03
5.170000000000000000e+03,9.573000000000000000e+06,5.172284578376325226e+04,9.990205313286248945e-01,8.511980791691913240e-01,5.402992351798104227e-03,4.603525720837808519e-03
5.190000000000000000e+03,9.625000000000000000e+06,5.609952429915080575e+04,9.990232942229947399e-01,8.513703666384624391e-01,5.828522005106577530e-03,4.967082294419753602e-03
5.210000000000000000e+03,1.041000000000000000e+07,6.753346732122500543e+04,9.990274219364951858e-01,8.515441718168020868e-01,6.487364776294428717e-03,5.529655687523553353e-03
5.230000000000000000e+03,1.053000000000000000e+07,8.296625389076750434e+04,9.990315297918181958e-01,8.517194788211640555e-01,7.879036456863011684e-03,6.717234265920237098e-03
5.250000000000000000e+03,1.080000000000000000e+07,8.892421809757234587e+04,9.990356178958035294e-01,8.518962718842151283e-01,8.233723897923365953e-03,7.021049667016428762e-03
5.270000000000000000e+03,9.669000000000000000e+06,7.352877529811230488e+04,9.990396863546586737e-01,8.520745353532236388e-01,7.604589440284652627e-03,6.485905517453381501e-03
5.290000000000000000e+03,1.067000000000000000e+07,8.857127228899423790e+04,9.990437352739647281e-01,8.522542536889670117e-01,8.300962726241260109e-03,7.081302392845345052e-03
5.310000000000000000e+03,1.093000000000000000e+07,9.543283182095384109e+04,9.990477647586780696e-01,8.524354114646518488e-01,8.731274640526425976e-03,7.449941787924282098e-03
5.330000000000000000e+03,9.996000000000000000e+06,8.104013189598632744e+04,9.990504403363734687e-01,8.526179933648561082e-01,8.107256092035447156e-03,6.918962388484522184e-03
5.350000000000000000e+03,1.063000000000000000e+07,8.943877745176761528e+04,9.990544376616525835e-01,8.528019841844777238e-01,8.413807850589614945e-03,7.182103155783994657e-03
5.370000000000000000e+03,1.059000000000000000e+07,8.854657964880990039e+04,9.990584158292024064e-01,8.529873688277068711e-01,8.361338965893286637e-03,7.138838341574202731e-03
5.390000000000000000e+03,1.048000000000000000e+07,8.590529472904885188e+04,9.990623749417257837e-01,8.531741323070065608e-01,8.197070107733668218e-03,7.000091637955336080e-03
5.410000000000000000e+03,1.013000000000000000e+07,8.336645784873758384e+04,9.990663151013200460e-01,8.533622597421125500e-01,8.229660202244578476e-03,7.029444713472238898e-03
5.430000000000000000e+03,1.039000000000000000e+07,8.455326974402846827e+04,9.990689313951236494e-01,8.532407697422719206e-01,8.137947039848745373e-03,6.950099215582791583e-03
5.450000000000000000e+03,1.059000000000000000e+07,8.749239571499254089e+04,9.990728401917535750e-01,8.534318561720676266e-01,8.261793740792496704e-03,7.057421324917634818e-03
5.470000000000000000e+03,1.040000000000000000e+07,8.746169793353391287e+04,9.990767303047833892e-01,8.536242654738777080e-01,8.409778647455184650e-03,7.185425206071844109e-03
5.490000000000000000e+03,1.033000000000000000e+07,8.725957781290246930e+04,9.990806018341233941e-01,8.538179831643892825e-01,8.447200175498787572e-03,7.219008560460185055e-03
5.510000000000000000e+03,1.033000000000000000e+07,8.545333639633242274e+04,9.990831725784834472e-01,8.540129948629106016e-01,8.272346214552993293e-03,7.071174211652827592e-03
5.530000000000000000e+03,1.036000000000000000e+07,8.859050656111122225e+04,9.990870133554358157e-01,8.542092862904410167e-01,8.551207197018457010e-03,7.311195620644262913e-03
5.550000000000000000e+03,1.046000000000000000e+07,9.041806524406376411e+04,9.990908358122629895e-01,8.544068432687672576e-01,8.644174497520435568e-03,7.392362716535453779e-03
5.570000000000000000e+03,1.017000000000000000e+07,8.638728901712957304e+04,9.990933739872742692e-01,8.546056517195712576e-01,8.494325370415887685e-03,7.265885910274110134e-03
5.590000000000000000e+03,9.984000000000000000e+06,8.205101990678874427e+04,9.990971661275511728e-01,8.544964549606612891e-01,8.218251192587013379e-03,7.028812359923455357e-03
5.610000000000000000e+03,1.021000000000000000e+07,8.730013471627788385e+04,9.991009402071600043e-01,8.546980226762066479e-01,8.550453938910664020e-03,7.314632366430991184e-03
5.630000000000000000e+03,1.025000000000000000e+07,8.821575414955805172e+04,9.991046963223519928e-01,8.549008029718054846e-01,8.606415038981274010e-03,7.364224344672523972e-03
5.650000000000000000e+03,1.020000000000000000e+07,8.862874073095644417e+04,9.991071904661911196e-01,8.551047821386877912e-01,8.689092228525142209e-03,7.436723895049760988e-03
5.670000000000000000e+03,9.971000000000000000e+06,8.592267999035937828e+04,9.991109168530492024e-01,8.553099465638007715e-01,8.617258047373319713e-03,7.376985273307158121e-03
5.690000000000000000e+03,1.008000000000000000e+07,8.715256895831601287e+04,9.991146255294114376e-01,8.555162827289991556e-01,8.646088190309127522e-03,7.403424031352665718e-03
5.710000000000000000e+03,9.907000000000000000e+06,8.338302266494356445e+04,9.991170881876965115e-01,8.557237772102191942e-01,8.416576427267948718e-03,7.208629155351996276e-03
5.730000000000000000e+03,1.037000000000000000e+07,9.038761121429811465e+04,9.991207675556261769e-01,8.556247592750064745e-01,8.716259519218718874e-03,7.464410404715947703e-03
5.750000000000000000e+03,1.008000000000000000e+07,8.773233463596316869e+04,9.991244294630361455e-01,8.558348475896344620e-01,8.703604626583648016e-03,7.455375846505846518e-03
5.770000000000000000e+03,1.014000000000000000e+07,8.847159436217766779e+04,9.991268610801731231e-01,8.560460571141502717e-01,8.725009305934680950e-03,7.475536996928276549e-03
5.790000000000000000e+03,9.905000000000000000e+06,8.362251551434415160e+04,9.991304940925322953e-01,8.562583747724687999e-01,8.442454872725305495e-03,7.235213749506667555e-03
5.810000000000000000e+03,1.005000000000000000e+07,8.737227578844642267e+04,9.991341098904689133e-01,8.564717875788010470e-01,8.693758784920041505e-03,7.452412097226511836e-03
5.830000000000000000e+03,1.013000000000000000e+07,8.939510894351013121e+04,9.991365109039667125e-01,8.563796778855873315e-01,8.824788642004949279e-03,7.563901000686155604e-03
5.850000000000000000e+03,9.921000000000000000e+06,8.585719689918489894e+04,9.991400982138242126e-01,8.565955724732536858e-01,8.654086977037083253e-03,7.419432571649182094e-03
5.870000000000000000e+03,9.915000000000000000e+06,8.568296205404498323e+04,9.991424803192033854e-01,8.568125262983811163e-01,8.641751089666664318e-03,7.410715417098026267e-03
5.890000000000000000e+03,9.312000000000000000e+06,6.400622856244189461e+04,9.991460393921312022e-01,8.570305267090756463e-01,6.873521108509654011e-03,5.895852241536064624e-03
5.910000000000000000e+03,9.803000000000000000e+06,8.321776543850291637e+04,9.991495816424393883e-01,8.569437330307119183e-01,8.489010041671215048e-03,7.280795677146423631e-03
5.930000000000000000e+03,9.760000000000000000e+06,8.421744891459579230e+04,9.991519338407235384e-01,8.571641291739984236e-01,8.628836978954487757e-03,7.402607435706550117e-03
5.950000000000000000e+03,9.756000000000000000e+06,8.417140424862201326e+04,9.991554482508860913e-01,8.573855369025461526e-01,8.627655212035876403e-03,7.403479417673154879e-03
5.970000000000000000e+03,9.743000000000000000e+06,8.487076082778417913e+04,9.991577819709087649e-01,8.576079438878169148e-01,8.710947431775035998e-03,7.476874875100516897e-03
5.990000000000000000e+03,9.646000000000000000e+06,8.350764448282036756e+04,9.991612687857955866e-01,8.575263264194353807e-01,8.657230404605056190e-03,7.430034787926874211e-03
6.010000000000000000e+03,9.498000000000000000e+06,8.161557959358648804e+04,9.991635841900108339e-01,8.577510452427037357e-01,8.592922677783373930e-03,7.376758445949084704e-03
6.030000000000000000e+03,9.484000000000000000e+06,8.258913722403896099e+04,9.991670436521220555e-01,8.579767292035371806e-01,8.708259935052611173e-03,7.477712984628802177e-03
6.050000000000000000e+03,9.617000000000000000e+06,8.385675768043039716e+04,9.991704868179909216e-01,8.582033662867468715e-01,8.719637899597629596e-03,7.489435183446656319e-03
6.070000000000000000e+03,9.556000000000000000e+06,8.266026713266638399e+04,9.991727732509025905e-01,8.581267886737408146e-01,8.650090742221262785e-03,7.429020074483982071e-03
6.090000000000000000e+03,9.369000000000000000e+06,7.965857799545538728e+04,9.991761894471287153e-01,8.583556557843577961e-01,8.502356494338284693e-03,7.304062948545979664e-03
6.110000000000000000e+03,9.272000000000000000e+06,7.928544375198923808e+04,9.991784579792999388e-01,8.585854427516875775e-01,8.551061664364671341e-03,7.347853635619138596e-03
6.130000000000000000e+03,8.976000000000000000e+06,7.404464434417537996e+04,9.991818474423370677e-01,8.588161378643689448e-01,8.249180519627381108e-03,7.090330326303516048e-03
6.150000000000000000e+03,9.049000000000000000e+06,7.727241624974159640e+04,9.991840982306414709e-01,8.587444670847271810e-01,8.539332108491722723e-03,7.339092179060605070e-03
6.170000000000000000e+03,8.799000000000000000e+06,7.081466021986442502e+04,9.991874611946621743e-01,8.589773124315632780e-01,8.048035028965158655e-03,6.918701212753470414e-03
6.190000000000000000e+03,9.164000000000000000e+06,7.796959715785793378e+04,9.991896943944598153e-01,8.592110334852864906e-01,8.508249362489953699e-03,7.316310175042230191e-03
6.210000000000000000e+03,9.164000000000000000e+06,7.737678325465606758e+04,9.991930310913785807e-01,8.591429112026158776e-01,8.443559936125716661e-03,7.260083325954867772e-03
6.230000000000000000e+03,8.947000000000000000e+06,7.480542365664948011e+04,9.991952468565334922e-01,8.593787250817730428e-01,8.360950447820441125e-03,7.191009924160977722e-03
6.250000000000000000e+03,8.694000000000000000e+06,7.222848985582881141e+04,9.991985575160304833e-01,8.596153828206292147e-01,8.307854825837223192e-03,7.147287946735953953e-03
6.270000000000000000e+03,8.996000000000000000e+06,7.486005957541780663e+04,9.992007559989229959e-01,8.595507407697180469e-01,8.321482834083793190e-03,7.158458089023830330e-03
6.290000000000000000e+03,9.002000000000000000e+06,7.565582874162118242e+04,9.992040408484694769e-01,8.597894349533657943e-01,8.404335563388267219e-03,7.231715074999282497e-03
6.310000000000000000e+03,8.755000000000000000e+06,7.283531011487005162e+04,9.992062222000150928e-01,8.600289417276273385e-01,8.319281566518565985e-03,7.160506772900089925e-03
6.330000000000000000e+03,8.769000000000000000e+06,7.322056249568959174e+04,9.992083967409534084e-01,8.599677128456110209e-01,8.349933002131324986e-03,7.186361533467541460e-03
6.350000000000000000e+03,8.763000000000000000e+06,7.340916066804259026e+04,9.992116458345567942e-01,8.602092006885555531e-01,8.377172277535385736e-03,7.211806126289068905e-03
6.370000000000000000e+03,8.717000000000000000e+06,7.281005818343494320e+04,9.992138034529961521e-01,8.604514704184320628e-01,8.352650933054369536e-03,7.192705657590133146e-03
6.390000000000000000e+03,8.747000000000000000e+06,7.356075821611002903e+04,9.992170272736942138e-01,8.603935888156889478e-01,8.409827165440725283e-03,7.241431219337378551e-03
6.410000000000000000e+03,8.549000000000000000e+06,7.138384389138748520e+04,9.992191681170936590e-01,8.606377852199567080e-01,8.349964193635218621e-03,7.191910363186736904e-03
6.430000000000000000e+03,8.610000000000000000e+06,7.158985454036036390e+04,9.992223668850108709e-01,8.608827333606199339e-01,8.314733396092958279e-03,7.163581051040533373e-03
6.450000000000000000e+03,8.494000000000000000e+06,6.983151927369977057e+04,9.992244910994145801e-01,8.608281342927045499e-01,8.221276109453704364e-03,7.082598392899182652e-03
6.470000000000000000e+03,8.466000000000000000e+06,6.931700536374867079e+04,9.992266087027985577e-01,8.610749556733716670e-01,8.187692577811088793e-03,7.055673820234338936e-03
6.490000000000000000e+03,8.346000000000000000e+06,6.811050326670754293e+04,9.992297727626179293e-01,8.610224581020711199e-01,8.160855891050507530e-03,7.032096511798362204e-03
6.510000000000000000e+03,8.479000000000000000e+06,7.038880452990734193e+04,9.992318739391197191e-01,8.612711190217703372e-01,8.301545527763574614e-03,7.155377638346560598e-03
6.530000000000000000e+03,8.446000000000000000e+06,7.081037390339939157e+04,9.992350134658871674e-01,8.615204832739747909e-01,8.383894613236964055e-03,7.228426587916563124e-03
6.550000000000000000e+03,8.117000000000000000e+06,6.917149093647033442e+04,9.992370983582146149e-01,8.614711649063639953e-01,8.521804969381586298e-03,7.346894211734152427e-03
6.570000000000000000e+03,7.179000000000000000e+06,6.663567468272350379e+04,9.992391767765247401e-01,8.617223167886585156e-01,9.282027396952710271e-03,8.004620253982221156e-03
6.590000000000000000e+03,8.223000000000000000e+06,6.859807354589432362e+04,9.992422823144642141e-01,8.616750354729523220e-01,8.342219815869430719e-03,7.193733374765545752e-03
6.610000000000000000e+03,8.332000000000000000e+06,6.889645339036233781e+04,9.992443446461023449e-01,8.619279422374959143e-01,8.268897430432350232e-03,7.132583521710775774e-03
6.630000000000000000e+03,8.271000000000000000e+06,6.815831848321398138e+04,9.992474261588600859e-01,8.621815053312734678e-01,8.240638191659288916e-03,7.110276849335261419e-03
6.650000000000000000e+03,8.240000000000000000e+06,6.773641664876230061e+04,9.992494725432823355e-01,8.621373027633176811e-01,8.220438913684745968e-03,7.092470126140402835e-03
6.670000000000000000e+03,8.140000000000000000e+06,6.636054755566017411e+04,9.992515125875669479e-01,8.623925703018223698e-01,8.152401419614272240e-03,7.035836649561509788e-03
6.690000000000000000e+03,8.214000000000000000e+06,6.731570692805438011e+04,9.992545608143710290e-01,8.623503421304098415e-01,8.195240677873676799e-03,7.072440676823958140e-03
6.710000000000000000e+03,8.072000000000000000e+06,6.502451030250451004e+04,9.992565851044437064e-01,8.626072822851056365e-01,8.055563714383611254e-03,6.953957598600824484e-03
6.730000000000000000e+03,8.115000000000000000e+06,6.654087755887405365e+04,9.992586031310646266e-01,8.628648331187879217e-01,8.199738454574743984e-03,7.080515425191029853e-03
6.750000000000000000e+03,8.019000000000000000e+06,6.566651083598996047e+04,9.992616184745160002e-01,8.628255860064438787e-01,8.188865299412640547e-03,7.070783436553795473e-03
6.770000000000000000e+03,8.003000000000000000e+06,6.619603929000154312e+04,9.992636209373570999e-01,8.630847604391729266e-01,8.271403135074540183e-03,7.144182819979960457e-03
6.790000000000000000e+03,7.959000000000000000e+06,6.595254941355505434e+04,9.992656172124101399e-01,8.630474267901319108e-01,8.286537179740552372e-03,7.156930516559177960e-03
6.810000000000000000e+03,7.898000000000000000e+06,6.592776312032050919e+04,9.992686000697472704e-01,8.633081938807091182e-01,8.347399736682768745e-03,7.211653192918215417e-03
6.830000000000000000e+03,7.912000000000000000e+06,6.694955377960039186e+04,9.992705809689188534e-01,8.632727505509980581e-01,8.461773733518754975e-03,7.310150848623984086e-03
6.850000000000000000e+03,7.763000000000000000e+06,6.540214403174880135e+04,9.992725557549589910e-01,8.635350796946953400e-01,8.424854312990956787e-03,7.280453364486128877e-03
6.870000000000000000e+03,7.804000000000000000e+06,6.626866481556532381e+04,9.992745244490156553e-01,8.635015037861335507e-01,8.491627987642916958e-03,7.337856972752430061e-03
6.890000000000000000e+03,7.787000000000000000e+06,6.664357335447621881e+04,9.992774661136948344e-01,8.637653647101573018e-01,8.558311718823194414e-03,7.397718345298349117e-03
6.910000000000000000e+03,7.728000000000000000e+06,6.656677559898397885e+04,9.992794196697871723e-01,8.637336335668056586e-01,8.613713198626291034e-03,7.445318749795105592e-03
6.930000000000000000e+03,7.691000000000000000e+06,6.628326522108801873e+04,9.992813672072813347e-01,8.639989963258603023e-01,8.618289587971396729e-03,7.451548481147983981e-03
6.950000000000000000e+03,7.651000000000000000e+06,6.622398308948689373e+04,9.992842772741004076e-01,8.639690875305389151e-01,8.655598364852554877e-03,7.483525550618914599e-03
6.970000000000000000e+03,7.630000000000000000e+06,6.675741130567465734e+04,9.992862098558699113e-01,8.642359225024789371e-01,8.749333067585145576e-03,7.566889105811345183e-03
6.990000000000000000e+03,7.595000000000000000e+06,6.612204075467708753e+04,9.992881364914524278e-01,8.645032567725745576e-01,8.705996149397904338e-03,7.531723583779742145e-03
7.010000000000000000e+03,7.394000000000000000e+06,6.520401213654538878e+04,9.992900572013586613e-01,8.644760917549512147e-01,8.818503129097293725e-03,7.628801132597191198e-03
7.030000000000000000e+03,7.474000000000000000e+06,6.640503995966305956e+04,9.992929272002549768e-01,8.647448526348603393e-01,8.884805988715957156e-03,7.688526593425832126e-03
7.050000000000000000e+03,7.477000000000000000e+06,6.696321460877692152e+04,9.992948331852009591e-01,8.647194531449790000e-01,8.955893354122898900e-03,7.749800105457600383e-03
7.070000000000000000e+03,7.410000000000000000e+06,6.617319083677703748e+04,9.992967333156511645e-01,8.649896118255062660e-01,8.930255173654120388e-03,7.730014217630598768e-03
7.090000000000000000e+03,7.367000000000000000e+06,6.617043658407080511e+04,9.992986276117687972e-01,8.649659562736936591e-01,8.982005780381540141e-03,7.774582096295941207e-03
7.110000000000000000e+03,7.343000000000000000e+06,6.675222023547609570e+04,9.993014581604915403e-01,8.652374842540777600e-01,9.090592432994157659e-03,7.871019563587777074e-03
7.130000000000000000e+03,7.256000000000000000e+06,6.564244271652470343e+04,9.993033379584920217e-01,8.652155512744714727e-01,9.046643152773526514e-03,7.832753124392636407e-03
7.150000000000000000e+03,7.204000000000000000e+06,6.471227528073612484e+04,9.993052119921308485e-01,8.651944260842177048e-01,8.982825552573032307e-03,7.777294169295567716e-03
7.170000000000000000e+03,7.170000000000000000e+06,6.614317056417855201e+04,9.993070802812304976e-01,8.654681888059018169e-01,9.224988921084874977e-03,7.989470514948172897e-03
7.190000000000000000e+03,7.013000000000000000e+06,6.415925793922622688e+04,9.993098719870417979e-01,8.654487562890817998e-01,9.148617986485986162e-03,7.923128030772511043e-03
7.210000000000000000e+03,7.097000000000000000e+06,6.530879507625989936e+04,9.993117260010180303e-01,8.657238200448957866e-01,9.202310141786657072e-03,7.972146110069076516e-03
7.230000000000000000e+03,7.077000000000000000e+06,6.679974508144836000e+04,9.993135743392393966e-01,8.657060593643340907e-01,9.438991815945790842e-03,8.177005315631456078e-03
7.250000000000000000e+03,7.085000000000000000e+06,6.666627159021256375e+04,9.993154170211916432e-01,8.659823966799450323e-01,9.409494931575520735e-03,8.154039088762268447e-03
7.270000000000000000e+03,7.054000000000000000e+06,6.694000078119487443e+04,9.993172540662869086e-01,8.659662872119318067e-01,9.489651372440441324e-03,8.223332612830843227e-03
7.290000000000000000e+03,6.885000000000000000e+06,6.556997015496272070e+04,9.993199991071050059e-01,8.662438709045061636e-01,9.523597698614773635e-03,8.255371795577479827e-03
7.310000000000000000e+03,6.957000000000000000e+06,6.659085248550189135e+04,9.993218221445023808e-01,8.662293922359276532e-01,9.571776985123169393e-03,8.296981389486909886e-03
7.330000000000000000e+03,6.915000000000000000e+06,6.601064328087051399e+04,9.993236396124076659e-01,8.665081954105330331e-01,9.546007705115041458e-03,8.277292342591327165e-03
7.350000000000000000e+03,6.922000000000000000e+06,6.640193001303781057e+04,9.993254515299045959e-01,8.664953273360539443e-01,9.592882116879197785e-03,8.317798288071200086e-03
7.370000000000000000e+03,6.902000000000000000e+06,6.723540273606182018e+04,9.993272579160038527e-01,8.667753233821302583e-01,9.741437660976792756e-03,8.449321993286140059e-03
7.390000000000000000e+03,6.748000000000000000e+06,6.605705439884602674e+04,9.993290587896455079e-01,8.667640459014361864e-01,9.789130764500003287e-03,8.490563256083868970e-03
7.410000000000000000e+03,6.653000000000000000e+06,6.558473457500454970e+04,9.993317498055052095e-01,8.667535216586156332e-01,9.857918920036757085e-03,8.550099545851421595e-03
7.430000000000000000e+03,6.701000000000000000e+06,6.669163673589593964e+04,9.993335369803959534e-01,8.670355018044357820e-01,9.952490185926867253e-03,8.634917175533661157e-03
7.450000000000000000e+03,6.697000000000000000e+06,6.656300464147870662e+04,9.993353187085565192e-01,8.670265401612076150e-01,9.939227212405360792e-03,8.623305531705269603e-03
7.470000000000000000e+03,6.720000000000000000e+06,6.725409214534625062e+04,9.993370950086069016e-01,8.673096493946155228e-01,1.000804942639081131e-02,8.685835722982182192e-03
7.490000000000000000e+03,6.649000000000000000e+06,6.687368973426493176e+04,9.993388658990974838e-01,8.673022308351788778e-01,1.005770638205217768e-02,8.728842117424293057e-03
7.510000000000000000e+03,6.638000000000000000e+06,6.734181560666140285e+04,9.993406313985078171e-01,8.675864434928201030e-01,1.014489539118128975e-02,8.807381022549323063e-03
7.530000000000000000e+03,6.622000000000000000e+06,6.783671903811740049e+04,9.993423915252488410e-01,8.675805486973353631e-01,1.024414361795792858e-02,8.893468161034872796e-03
7.550000000000000000e+03,6.617000000000000000e+06,6.815677253818380996e+04,9.993450216817063581e-01,8.675753795544602909e-01,1.030025276381801511e-02,8.942102584389025402e-03
7.570000000000000000e+03,6.546000000000000000e+06,6.766739125482155941e+04,9.993467684568635434e-01,8.678614492274508985e-01,1.033721222957860626e-02,8.977132132409611567e-03
7.590000000000000000e+03,6.522000000000000000e+06,6.757980254154151771e+04,9.993485099232429780e-01,8.678577768029925865e-01,1.036182191682635985e-02,8.998450133333507281e-03
7.610000000000000000e+03,6.473000000000000000e+06,6.751574158550753782e+04,9.993502460989449609e-01,8.681448883626301516e-01,1.043036329144253656e-02,9.060953965417365905e-03
7.630000000000000000e+03,6.481000000000000000e+06,6.813998308972238738e+04,9.993519770020022897e-01,8.681426937999549009e-01,1.051380698807628279e-02,9.133403376159074383e-03
7.650000000000000000e+03,6.439000000000000000e+06,6.790995313930697739e+04,9.993537026503790388e-01,8.681412059655317925e-01,1.054666145974638564e-02,9.161912718481836013e-03
7.670000000000000000e+03,6.290000000000000000e+06,6.530294703459891753e+04,9.993554230619718926e-01,8.684300871217671691e-01,1.038202655558011396e-02,9.021879521640255306e-03
7.690000000000000000e+03,6.366000000000000000e+06,6.752656988861461286e+04,9.993571382546116988e-01,8.684300507491378163e-01,1.060737824200669310e-02,9.217691726412865702e-03
7.710000000000000000e+03,6.298000000000000000e+06,6.627418460301955929e+04,9.993597012968709059e-01,8.687199137888840239e-01,1.052305249333432106e-02,9.147442350279123835e-03
7.730000000000000000e+03,6.291000000000000000e+06,6.665756785371192382e+04,9.993614035196930478e-01,8.687213104703800370e-01,1.059570304462119361e-02,9.210594887755172225e-03
7.750000000000000000e+03,6.210000000000000000e+06,6.581412470218872477e+04,9.993631005854402005e-01,8.687233954054824903e-01,1.059808771371799178e-02,9.212674290328260254e-03
7.770000000000000000e+03,6.240000000000000000e+06,6.734765770495818288e+04,9.993647925116426745e-01,8.690149427703406371e-01,1.079289386297406853e-02,9.385147558667374448e-03
7.790000000000000000e+03,6.246000000000000000e+06,6.686203892074785836e+04,9.993664793157657211e-01,8.690184349851989287e-01,1.070477728478191719e-02,9.308545959291645785e-03
7.810000000000000000e+03,6.200000000000000000e+06,6.655533232019396382e+04,9.993681610152079786e-01,8.690226048589676511e-01,1.073473101938612374e-02,9.334621890946283307e-03
7.830000000000000000e+03,6.130000000000000000e+06,6.558409475177331478e+04,9.993698376273041362e-01,8.693157872438013190e-01,1.069887353210005089e-02,9.306564313829073648e-03
7.850000000000000000e+03,6.111000000000000000e+06,6.571188916867076478e+04,9.993715091693233799e-01,8.693213389805347635e-01,1.075305010123887503e-02,9.353734648592976902e-03
7.870000000000000000e+03,6.134000000000000000e+06,6.619750795288108930e+04,9.993731756584700587e-01,8.693275579277721654e-01,1.079189891634840109e-02,9.387579493687216170e-03
7.890000000000000000e+03,6.095000000000000000e+06,6.540518256811687752e+04,9.993748371118833518e-01,8.696223267330052131e-01,1.073095694308726436e-02,9.337717339259471797e-03
7.910000000000000000e+03,6.022000000000000000e+06,6.425503281603979849e+04,9.993764935466398214e-01,8.696299024775925313e-01,1.067004862438389150e-02,9.284782466440004781e-03
7.930000000000000000e+03,5.906000000000000000e+06,6.325823636423965218e+04,9.993781449797520811e-01,8.696381351278500427e-01,1.071084259469008704e-02,9.320353088052518373e-03
7.950000000000000000e+03,5.909000000000000000e+06,6.269594092989085766e+04,9.993797914281674633e-01,8.699344424476878057e-01,1.061024554575915740e-02,9.235946256120085296e-03
7.970000000000000000e+03,5.970000000000000000e+06,6.445950388307571848e+04,9.993814329087704618e-01,8.699440071746279424e-01,1.079723683133596707e-02,9.398805267100997229e-03
7.990000000000000000e+03,5.954000000000000000e+06,6.405056174900387123e+04,9.993830694383842861e-01,8.702411376888037342e-01,1.075756831525090211e-02,9.367457560282550430e-03
